Workbook

Sheet SVERWEIS – SLOOKUP
A1: Spaltenindex --> | B1: 1 | C1: 2 | D1: 3 | E1: 4 | F1: 5 | G1: 6
B2: Pers.-Nr. | C2: Vorname | D2: Nachname | E2: Email | F2: Abteilung | G2: Anstellung | H2: Umsatz | I2: Bonus | K2: Tabelle A: | L2: Pers.-Nr. | M2: 5493
A3: 1 | B3: 3902 | C3: Fritz | D3: Weller | E3: fritz.weller@DSI.de | F3: Produktion | G3: Freelancer | H3: 354788 | I3: =_xlfn.XLOOKUP(H3,'Lookup Tabellen'!$C$3:$C$9,'Lookup Tabellen'!$D$3:$D$9,"nicht Gefunden",-1) -> 0.075 | L3: Email | M3: =VLOOKUP($M$2,$B$2:$I$22,4,FALSE) -> frieda.kaester@DSI.de
A4: 2 | B4: 1880 | C4: Mijo | D4: Dussen van | E4: mijo.dussen van@DSI.de | F4: Marketing | G4: Teilzeit | H4: 188074 | I4: =_xlfn.XLOOKUP(H4,'Lookup Tabellen'!$C$3:$C$9,'Lookup Tabellen'!$D$3:$D$9,"nicht Gefunden",-1) -> 0.05 | L4: Abteilung | M4: =VLOOKUP($M$2,$B$2:$I$22,5,FALSE) -> IT
A5: 3 | B5: 9077 | C5: Mijo | D5: Schüler | E5: mijo.schueler@DSI.de | F5: Finanzen | G5: Teilzeit | H5: 897473 | I5: =_xlfn.XLOOKUP(H5,'Lookup Tabellen'!$C$3:$C$9,'Lookup Tabellen'!$D$3:$D$9,"nicht Gefunden",-1) -> 0.1 | L5: Anstellung | M5: =VLOOKUP($M$2,$B$2:$I$22,6,FALSE) -> Freelancer
A6: 4 | B6: 6888 | C6: Dominik | D6: Wilms | E6: dominik.wilms@DSI.de | F6: IT | G6: Freelancer | H6: 1228477 | I6: =_xlfn.XLOOKUP(H6,'Lookup Tabellen'!$C$3:$C$9,'Lookup Tabellen'!$D$3:$D$9,"nicht Gefunden",-1) -> 0.15 | L6: Name | M6: =VLOOKUP($M$2,$B$2:$I$22,2,FALSE) & " " & VLOOKUP($M$2,$B$2:$I$22,3,FALSE) -> Frieda Käster
A7: 5 | B7: 8170 | C7: Katherina | D7: Albers | E7: katherina.albers@DSI.de | F7: Finanzen | G7: Freelancer | H7: 424371 | I7: =_xlfn.XLOOKUP(H7,'Lookup Tabellen'!$C$3:$C$9,'Lookup Tabellen'!$D$3:$D$9,"nicht Gefunden",-1) -> 0.075
A8: 6 | B8: 7133 | C8: Thomas | D8: Biggen | E8: thomas.biggen@DSI.de | F8: Vertrieb | G8: Vollzeit | H8: 901880 | I8: =_xlfn.XLOOKUP(H8,'Lookup Tabellen'!$C$3:$C$9,'Lookup Tabellen'!$D$3:$D$9,"nicht Gefunden",-1) -> 0.1
A9: 7 | B9: 1506 | C9: Hakan | D9: Özgür | E9: hakan.özgür@DSI.de | F9: Personal | G9: Vollzeit | H9: 279020 | I9: =_xlfn.XLOOKUP(H9,'Lookup Tabellen'!$C$3:$C$9,'Lookup Tabellen'!$D$3:$D$9,"nicht Gefunden",-1) -> 0.075 | K9: Tabelle B: | L9: Nachname | M9: Hoffmann
A10: 8 | B10: 9749 | C10: Sylvana | D10: Lachmann | E10: sylvana.lachmann@DSI.de | F10: Personal | G10: Freelancer | H10: 854886 | I10: =_xlfn.XLOOKUP(H10,'Lookup Tabellen'!$C$3:$C$9,'Lookup Tabellen'!$D$3:$D$9,"nicht Gefunden",-1) -> 0.1 | L10: Abteilung | M10: =_xlfn.XLOOKUP($M$9,$D$2:$D$22,$F$2:$F$22) -> Vertrieb
A11: 9 | B11: 7741 | C11: James | D11: Kranz | E11: james.kranz@DSI.de | F11: Finanzen | G11: Vollzeit | H11: 91683 | I11: =_xlfn.XLOOKUP(H11,'Lookup Tabellen'!$C$3:$C$9,'Lookup Tabellen'!$D$3:$D$9,"nicht Gefunden",-1) -> 0.025 | L11: Pers.-Nr. | M11: =_xlfn.XLOOKUP($M$9,$D$2:$D$22,$B$2:$B$22) -> 8398
A12: 10 | B12: 9512 | C12: Markus | D12: Nette | E12: markus.nette@DSI.de | F12: Vertrieb | G12: Vollzeit | H12: 934650 | I12: =_xlfn.XLOOKUP(H12,'Lookup Tabellen'!$C$3:$C$9,'Lookup Tabellen'!$D$3:$D$9,"nicht Gefunden",-1) -> 0.1
A13: 11 | B13: 7081 | C13: Vlado | D13: Blümel | E13: vlado.bluemel@DSI.de | F13: Vertrieb | G13: Freelancer | H13: 8677 | I13: =_xlfn.XLOOKUP(H13,'Lookup Tabellen'!$C$3:$C$9,'Lookup Tabellen'!$D$3:$D$9,"nicht Gefunden",-1) -> 0
A14: 12 | B14: 1247 | C14: Marten | D14: Faust | E14: marten.faust@DSI.de | F14: Personal | G14: Teilzeit | H14: 13568 | I14: =_xlfn.XLOOKUP(H14,'Lookup Tabellen'!$C$3:$C$9,'Lookup Tabellen'!$D$3:$D$9,"nicht Gefunden",-1) -> 0.01
A15: 13 | B15: 5493 | C15: Frieda | D15: Käster | E15: frieda.kaester@DSI.de | F15: IT | G15: Freelancer | H15: 790574 | I15: =_xlfn.XLOOKUP(H15,'Lookup Tabellen'!$C$3:$C$9,'Lookup Tabellen'!$D$3:$D$9,"nicht Gefunden",-1) -> 0.1
A16: 14 | B16: 6690 | C16: Jana | D16: Reising | E16: jana.reising@DSI.de | F16: Vertrieb | G16: Freelancer | H16: 407280 | I16: =_xlfn.XLOOKUP(H16,'Lookup Tabellen'!$C$3:$C$9,'Lookup Tabellen'!$D$3:$D$9,"nicht Gefunden",-1) -> 0.075
A17: 15 | B17: 9942 | C17: Ingo | D17: Kroker | E17: ingo.kroker@DSI.de | F17: IT | G17: Vollzeit | H17: 1002266 | I17: =_xlfn.XLOOKUP(H17,'Lookup Tabellen'!$C$3:$C$9,'Lookup Tabellen'!$D$3:$D$9,"nicht Gefunden",-1) -> 0.15 | K17: Tabelle C: | L17: Umsatz | M17: 100000
A18: 16 | B18: 8736 | C18: Lioba | D18: Rudolph | E18: lioba.rudolph@DSI.de | F18: Produktion | G18: Teilzeit | H18: 195971 | I18: =_xlfn.XLOOKUP(H18,'Lookup Tabellen'!$C$3:$C$9,'Lookup Tabellen'!$D$3:$D$9,"nicht Gefunden",-1) -> 0.05 | L18: Bonus | M18: =_xlfn.XLOOKUP($M$17,'Lookup Tabellen'!$C$3:$C$9,'Lookup Tabellen'!$D$3:$D$9,0,-1) -> 0.05
A19: 17 | B19: 7036 | C19: Imelda | D19: Hörle | E19: imelda.hoerle@DSI.de | F19: Finanzen | G19: Freelancer | H19: 298077 | I19: =_xlfn.XLOOKUP(H19,'Lookup Tabellen'!$C$3:$C$9,'Lookup Tabellen'!$D$3:$D$9,"nicht Gefunden",-1) -> 0.075
A20: 18 | B20: 8062 | C20: Viktoria | D20: Barkholz | E20: viktoria.barkholz@DSI.de | F20: IT | G20: Teilzeit | H20: 1203029 | I20: =_xlfn.XLOOKUP(H20,'Lookup Tabellen'!$C$3:$C$9,'Lookup Tabellen'!$D$3:$D$9,"nicht Gefunden",-1) -> 0.15
A21: 19 | B21: 5266 | C21: Nelli | D21: Geißler | E21: nelli.geissler@DSI.de | F21: IT | G21: Vollzeit | H21: 363853 | I21: =_xlfn.XLOOKUP(H21,'Lookup Tabellen'!$C$3:$C$9,'Lookup Tabellen'!$D$3:$D$9,"nicht Gefunden",-1) -> 0.075
A22: 20 | B22: 8398 | C22: Anatolij | D22: Hoffmann | E22: anatolij.hoffmann@DSI.de | F22: Vertrieb | G22: Freelancer | H22: 289414 | I22: =_xlfn.XLOOKUP(H22,'Lookup Tabellen'!$C$3:$C$9,'Lookup Tabellen'!$D$3:$D$9,"nicht Gefunden",-1) -> 0.075

Sheet XVERWEIS – XLOOKUP
B2: Standort | C2: Umsatz | D2: Beschäftigte | E2: Beschäftigte aktuell | F2: Stufe | G2: Unterschied Beschäftigte
B3: Stuttgart | C3: 52234.35 | D3: =_xlfn.XLOOKUP($B3,'Lookup Tabellen'!$H$3:$H$17,'Lookup Tabellen'!$G$3:$G$17,"Nicht gefunden",0,1) -> 961 | E3: =_xlfn.XLOOKUP($B3,'Lookup Tabellen'!$H$3:$H$17,'Lookup Tabellen'!$G$3:$G$17,"Nicht gefunden",0,-1) -> 961 | F3: =_xlfn.XLOOKUP(C3,'Lookup Tabellen'!$C$3:$C$9,'Lookup Tabellen'!$B$3:$B$9,"NV",-1,1) -> 2 | G3: =IFERROR(E3-D3,"Nicht gefunden") -> 0
B4: Hamburg | C4: 33723.34 | D4: =_xlfn.XLOOKUP(B4,'Lookup Tabellen'!$H$3:$H$17,'Lookup Tabellen'!$G$3:$G$17,"Nicht gefunden",0,1) -> 1274 | E4: =_xlfn.XLOOKUP($B4,'Lookup Tabellen'!$H$3:$H$17,'Lookup Tabellen'!$G$3:$G$17,"Nicht gefunden",0,-1) -> 1274 | F4: =_xlfn.XLOOKUP(C4,'Lookup Tabellen'!$C$3:$C$9,'Lookup Tabellen'!$B$3:$B$9,"NV",-1,1) -> 1 | G4: =IFERROR(E4-D4,"Nicht gefunden") -> 0
B5: München | C5: 151384.94 | D5: =_xlfn.XLOOKUP(B5,'Lookup Tabellen'!$H$3:$H$17,'Lookup Tabellen'!$G$3:$G$17,"Nicht gefunden",0,1) -> 423 | E5: =_xlfn.XLOOKUP($B5,'Lookup Tabellen'!$H$3:$H$17,'Lookup Tabellen'!$G$3:$G$17,"Nicht gefunden",0,-1) -> 423 | F5: =_xlfn.XLOOKUP(C5,'Lookup Tabellen'!$C$3:$C$9,'Lookup Tabellen'!$B$3:$B$9,"NV",-1,1) -> 3 | G5: =IFERROR(E5-D5,"Nicht gefunden") -> 0
B6: Berlin | C6: 243728.55 | D6: =_xlfn.XLOOKUP(B6,'Lookup Tabellen'!$H$3:$H$17,'Lookup Tabellen'!$G$3:$G$17,"Nicht gefunden",0,1) -> 2512 | E6: =_xlfn.XLOOKUP($B6,'Lookup Tabellen'!$H$3:$H$17,'Lookup Tabellen'!$G$3:$G$17,"Nicht gefunden",0,-1) -> 2646 | F6: =_xlfn.XLOOKUP(C6,'Lookup Tabellen'!$C$3:$C$9,'Lookup Tabellen'!$B$3:$B$9,"NV",-1,1) -> 3 | G6: =IFERROR(E6-D6,"Nicht gefunden") -> 134
B7: Mannheim | C7: 1639234.8 | D7: =_xlfn.XLOOKUP(B7,'Lookup Tabellen'!$H$3:$H$17,'Lookup Tabellen'!$G$3:$G$17,"Nicht gefunden",0,1) -> 1923 | E7: =_xlfn.XLOOKUP($B7,'Lookup Tabellen'!$H$3:$H$17,'Lookup Tabellen'!$G$3:$G$17,"Nicht gefunden",0,-1) -> 1788 | F7: =_xlfn.XLOOKUP(C7,'Lookup Tabellen'!$C$3:$C$9,'Lookup Tabellen'!$B$3:$B$9,"NV",-1,1) -> 6 | G7: =IFERROR(E7-D7,"Nicht gefunden") -> -135
B8: Nürnberg | C8: 934650.02 | D8: =_xlfn.XLOOKUP(B8,'Lookup Tabellen'!$H$3:$H$17,'Lookup Tabellen'!$G$3:$G$17,"Nicht gefunden",0,1) -> 224 | E8: =_xlfn.XLOOKUP($B8,'Lookup Tabellen'!$H$3:$H$17,'Lookup Tabellen'!$G$3:$G$17,"Nicht gefunden",0,-1) -> 225 | F8: =_xlfn.XLOOKUP(C8,'Lookup Tabellen'!$C$3:$C$9,'Lookup Tabellen'!$B$3:$B$9,"NV",-1,1) -> 5 | G8: =IFERROR(E8-D8,"Nicht gefunden") -> 1
B9: Rom | C9: 8677.51 | D9: =_xlfn.XLOOKUP(B9,'Lookup Tabellen'!$H$3:$H$17,'Lookup Tabellen'!$G$3:$G$17,"Nicht gefunden",0,1) -> 624 | E9: =_xlfn.XLOOKUP($B9,'Lookup Tabellen'!$H$3:$H$17,'Lookup Tabellen'!$G$3:$G$17,"Nicht gefunden",0,-1) -> 629 | F9: =_xlfn.XLOOKUP(C9,'Lookup Tabellen'!$C$3:$C$9,'Lookup Tabellen'!$B$3:$B$9,"NV",-1,1) -> 0 | G9: =IFERROR(E9-D9,"Nicht gefunden") -> 5
B10: Madrid | C10: 13568.33 | D10: =_xlfn.XLOOKUP(B10,'Lookup Tabellen'!$H$3:$H$17,'Lookup Tabellen'!$G$3:$G$17,"Nicht gefunden",0,1) -> 243 | E10: =_xlfn.XLOOKUP($B10,'Lookup Tabellen'!$H$3:$H$17,'Lookup Tabellen'!$G$3:$G$17,"Nicht gefunden",0,-1) -> 236 | F10: =_xlfn.XLOOKUP(C10,'Lookup Tabellen'!$C$3:$C$9,'Lookup Tabellen'!$B$3:$B$9,"NV",-1,1) -> 1 | G10: =IFERROR(E10-D10,"Nicht gefunden") -> -7
B11: Paris | C11: 790574.39 | D11: =_xlfn.XLOOKUP(B11,'Lookup Tabellen'!$H$3:$H$17,'Lookup Tabellen'!$G$3:$G$17,"Nicht gefunden",0,1) -> 243 | E11: =_xlfn.XLOOKUP($B11,'Lookup Tabellen'!$H$3:$H$17,'Lookup Tabellen'!$G$3:$G$17,"Nicht gefunden",0,-1) -> 243 | F11: =_xlfn.XLOOKUP(C11,'Lookup Tabellen'!$C$3:$C$9,'Lookup Tabellen'!$B$3:$B$9,"NV",-1,1) -> 5 | G11: =IFERROR(E11-D11,"Nicht gefunden") -> 0
B12: London | C12: 407280.28 | D12: =_xlfn.XLOOKUP(B12,'Lookup Tabellen'!$H$3:$H$17,'Lookup Tabellen'!$G$3:$G$17,"Nicht gefunden",0,1) -> 344 | E12: =_xlfn.XLOOKUP($B12,'Lookup Tabellen'!$H$3:$H$17,'Lookup Tabellen'!$G$3:$G$17,"Nicht gefunden",0,-1) -> 344 | F12: =_xlfn.XLOOKUP(C12,'Lookup Tabellen'!$C$3:$C$9,'Lookup Tabellen'!$B$3:$B$9,"NV",-1,1) -> 4 | G12: =IFERROR(E12-D12,"Nicht gefunden") -> 0
B13: Porto | C13: 100266.67 | D13: =_xlfn.XLOOKUP(B13,'Lookup Tabellen'!$H$3:$H$17,'Lookup Tabellen'!$G$3:$G$17,"Nicht gefunden",0,1) -> Nicht gefunden | E13: =_xlfn.XLOOKUP($B13,'Lookup Tabellen'!$H$3:$H$17,'Lookup Tabellen'!$G$3:$G$17,"Nicht gefunden",0,-1) -> Nicht gefunden | F13: =_xlfn.XLOOKUP(C13,'Lookup Tabellen'!$C$3:$C$9,'Lookup Tabellen'!$B$3:$B$9,"NV",-1,1) -> 3 | G13: =IFERROR(E13-D13,"Nicht gefunden") -> Nicht gefunden

Sheet Lookup Tabellen
B2: Stufe | C2: Umsatz/Jahr | D2: Bonus | F2: Datum | G2: Beschäftigte | H2: Standort
B3: 0 | C3: 0 | D3: 0 | F3: 45017 | G3: 961 | H3: Stuttgart
B4: 1 | C4: 10000 | D4: 0.01 | F4: 45017 | G4: 1274 | H4: Hamburg
B5: 2 | C5: 50000 | D5: 0.025 | F5: 45017 | G5: 423 | H5: München
B6: 3 | C6: 100000 | D6: 0.05 | F6: 45019 | G6: 2512 | H6: Berlin
B7: 4 | C7: 250000 | D7: 0.075 | F7: 45019 | G7: 1923 | H7: Mannheim
B8: 5 | C8: 500000 | D8: 0.1 | F8: 45019 | G8: 224 | H8: Nürnberg
B9: 6 | C9: 1000000 | D9: 0.15 | F9: 45020 | G9: 624 | H9: Rom
C10: (ab / from) | F10: 45021 | G10: 243 | H10: Madrid
F11: 45022 | G11: 243 | H11: Paris
F12: 45022 | G12: 344 | H12: London
F13: 45203 | G13: 2646 | H13: Berlin
F14: 45203 | G14: 1788 | H14: Mannheim
F15: 45205 | G15: 225 | H15: Nürnberg
F16: 45236 | G16: 629 | H16: Rom
F17: 45262 | G17: 236 | H17: Madrid

Sheet Array - SummenProdukt
B3: Pers.-Nr. | C3: Vorname | D3: Nachname | E3: Email | F3: Abteilung | G3: Anstellung | H3: Umsatz | I3: Bonus
B4: 3902 | C4: Fritz | D4: Weller | E4: fritz.weller@DSI.de | F4: Produktion | G4: Freelancer | H4: 354788 | I4: =_xlfn.XLOOKUP(H4,'Lookup Tabellen'!$C$3:$C$9,'Lookup Tabellen'!$D$3:$D$9,"nicht Gefunden",-1) -> 0.075
B5: 1880 | C5: Mijo | D5: Dussen van | E5: mijo.dussen van@DSI.de | F5: Marketing | G5: Teilzeit | H5: 188074 | I5: =_xlfn.XLOOKUP(H5,'Lookup Tabellen'!$C$3:$C$9,'Lookup Tabellen'!$D$3:$D$9,"nicht Gefunden",-1) -> 0.05
B6: 9077 | C6: Mijo | D6: Schüler | E6: mijo.schueler@DSI.de | F6: Finanzen | G6: Teilzeit | H6: 897473 | I6: =_xlfn.XLOOKUP(H6,'Lookup Tabellen'!$C$3:$C$9,'Lookup Tabellen'!$D$3:$D$9,"nicht Gefunden",-1) -> 0.1
B7: 6888 | C7: Dominik | D7: Wilms | E7: dominik.wilms@DSI.de | F7: IT | G7: Freelancer | H7: 1228477 | I7: =_xlfn.XLOOKUP(H7,'Lookup Tabellen'!$C$3:$C$9,'Lookup Tabellen'!$D$3:$D$9,"nicht Gefunden",-1) -> 0.15
B8: 8170 | C8: Katherina | D8: Albers | E8: katherina.albers@DSI.de | F8: Finanzen | G8: Freelancer | H8: 424371 | I8: =_xlfn.XLOOKUP(H8,'Lookup Tabellen'!$C$3:$C$9,'Lookup Tabellen'!$D$3:$D$9,"nicht Gefunden",-1) -> 0.075
B9: 7133 | C9: Thomas | D9: Biggen | E9: thomas.biggen@DSI.de | F9: Vertrieb | G9: Vollzeit | H9: 901880 | I9: =_xlfn.XLOOKUP(H9,'Lookup Tabellen'!$C$3:$C$9,'Lookup Tabellen'!$D$3:$D$9,"nicht Gefunden",-1) -> 0.1
B10: 1506 | C10: Hakan | D10: Özgür | E10: hakan.özgür@DSI.de | F10: Personal | G10: Vollzeit | H10: 279020 | I10: =_xlfn.XLOOKUP(H10,'Lookup Tabellen'!$C$3:$C$9,'Lookup Tabellen'!$D$3:$D$9,"nicht Gefunden",-1) -> 0.075
B11: 9749 | C11: Sylvana | D11: Lachmann | E11: sylvana.lachmann@DSI.de | F11: Personal | G11: Freelancer | H11: 854886 | I11: =_xlfn.XLOOKUP(H11,'Lookup Tabellen'!$C$3:$C$9,'Lookup Tabellen'!$D$3:$D$9,"nicht Gefunden",-1) -> 0.1
B12: 7741 | C12: James | D12: Kranz | E12: james.kranz@DSI.de | F12: Finanzen | G12: Vollzeit | H12: 91683 | I12: =_xlfn.XLOOKUP(H12,'Lookup Tabellen'!$C$3:$C$9,'Lookup Tabellen'!$D$3:$D$9,"nicht Gefunden",-1) -> 0.025
B13: 9512 | C13: Markus | D13: Nette | E13: markus.nette@DSI.de | F13: Vertrieb | G13: Vollzeit | H13: 934650 | I13: =_xlfn.XLOOKUP(H13,'Lookup Tabellen'!$C$3:$C$9,'Lookup Tabellen'!$D$3:$D$9,"nicht Gefunden",-1) -> 0.1
B14: 7081 | C14: Vlado | D14: Blümel | E14: vlado.bluemel@DSI.de | F14: Vertrieb | G14: Freelancer | H14: 8677 | I14: =_xlfn.XLOOKUP(H14,'Lookup Tabellen'!$C$3:$C$9,'Lookup Tabellen'!$D$3:$D$9,"nicht Gefunden",-1) -> 0
B15: 1247 | C15: Marten | D15: Faust | E15: marten.faust@DSI.de | F15: Personal | G15: Teilzeit | H15: 13568 | I15: =_xlfn.XLOOKUP(H15,'Lookup Tabellen'!$C$3:$C$9,'Lookup Tabellen'!$D$3:$D$9,"nicht Gefunden",-1) -> 0.01
... B23: 8398 | C23: Anatolij | D23: Hoffmann | E23: anatolij.hoffmann@DSI.de | F23: Vertrieb | G23: Freelancer | H23: 289414 | I23: =_xlfn.XLOOKUP(H23,'Lookup Tabellen'!$C$3:$C$9,'Lookup Tabellen'!$D$3:$D$9,"nicht Gefunden",-1) -> 0.075
